<?xml version="1.0" encoding="utf-8"?>
<TargetOdb name ="F:\pythonTimBuchalka\qdpython\pristine_topology\plate_topology_optimization\Opt-Process-1\TOSCA_POST\Opt-Process-1-Job_post.odb">
	<TargetStep name ="linear_static_Optimization" description="Step containing results of optimization design cycles of analysis step: linear_static">
		<TargetFrame description ="Optimization Design Cycle-0">
			<SourceOdb>F:\pythonTimBuchalka\qdpython\pristine_topology\plate_topology_optimization\Opt-Process-1\SAVE.odb\Opt-Process-1-Job_000.odb</SourceOdb>
			<SourceStep>linear_static</SourceStep>
			<SourceFrame>-1</SourceFrame>
			<SourceVarList>S,U</SourceVarList>
			<SourceOnf>F:\pythonTimBuchalka\qdpython\pristine_topology\plate_topology_optimization\Opt-Process-1\SAVE.onf\TP_000.onf</SourceOnf>
			<SourceVarList></SourceVarList>
		</TargetFrame>
		<TargetFrame description ="Optimization Design Cycle-1">
			<SourceOnf>F:\pythonTimBuchalka\qdpython\pristine_topology\plate_topology_optimization\Opt-Process-1\SAVE.onf\TP_001.onf</SourceOnf>
			<SourceVarList></SourceVarList>
		</TargetFrame>
		<TargetFrame description ="Optimization Design Cycle-2">
			<SourceOnf>F:\pythonTimBuchalka\qdpython\pristine_topology\plate_topology_optimization\Opt-Process-1\SAVE.onf\TP_002.onf</SourceOnf>
			<SourceVarList></SourceVarList>
		</TargetFrame>
		<TargetFrame description ="Optimization Design Cycle-3">
			<SourceOnf>F:\pythonTimBuchalka\qdpython\pristine_topology\plate_topology_optimization\Opt-Process-1\SAVE.onf\TP_003.onf</SourceOnf>
			<SourceVarList></SourceVarList>
		</TargetFrame>
		<TargetFrame description ="Optimization Design Cycle-4">
			<SourceOnf>F:\pythonTimBuchalka\qdpython\pristine_topology\plate_topology_optimization\Opt-Process-1\SAVE.onf\TP_004.onf</SourceOnf>
			<SourceVarList></SourceVarList>
		</TargetFrame>
		<TargetFrame description ="Optimization Design Cycle-5">
			<SourceOnf>F:\pythonTimBuchalka\qdpython\pristine_topology\plate_topology_optimization\Opt-Process-1\SAVE.onf\TP_005.onf</SourceOnf>
			<SourceVarList></SourceVarList>
		</TargetFrame>
		<TargetFrame description ="Optimization Design Cycle-6">
			<SourceOnf>F:\pythonTimBuchalka\qdpython\pristine_topology\plate_topology_optimization\Opt-Process-1\SAVE.onf\TP_006.onf</SourceOnf>
			<SourceVarList></SourceVarList>
		</TargetFrame>
		<TargetFrame description ="Optimization Design Cycle-7">
			<SourceOnf>F:\pythonTimBuchalka\qdpython\pristine_topology\plate_topology_optimization\Opt-Process-1\SAVE.onf\TP_007.onf</SourceOnf>
			<SourceVarList></SourceVarList>
		</TargetFrame>
		<TargetFrame description ="Optimization Design Cycle-8">
			<SourceOnf>F:\pythonTimBuchalka\qdpython\pristine_topology\plate_topology_optimization\Opt-Process-1\SAVE.onf\TP_008.onf</SourceOnf>
			<SourceVarList></SourceVarList>
		</TargetFrame>
		<TargetFrame description ="Optimization Design Cycle-9">
			<SourceOnf>F:\pythonTimBuchalka\qdpython\pristine_topology\plate_topology_optimization\Opt-Process-1\SAVE.onf\TP_009.onf</SourceOnf>
			<SourceVarList></SourceVarList>
		</TargetFrame>
		<TargetFrame description ="Optimization Design Cycle-10">
			<SourceOnf>F:\pythonTimBuchalka\qdpython\pristine_topology\plate_topology_optimization\Opt-Process-1\SAVE.onf\TP_010.onf</SourceOnf>
			<SourceVarList></SourceVarList>
		</TargetFrame>
		<TargetFrame description ="Optimization Design Cycle-11">
			<SourceOnf>F:\pythonTimBuchalka\qdpython\pristine_topology\plate_topology_optimization\Opt-Process-1\SAVE.onf\TP_011.onf</SourceOnf>
			<SourceVarList></SourceVarList>
		</TargetFrame>
		<TargetFrame description ="Optimization Design Cycle-12">
			<SourceOnf>F:\pythonTimBuchalka\qdpython\pristine_topology\plate_topology_optimization\Opt-Process-1\SAVE.onf\TP_012.onf</SourceOnf>
			<SourceVarList></SourceVarList>
		</TargetFrame>
		<TargetFrame description ="Optimization Design Cycle-13">
			<SourceOnf>F:\pythonTimBuchalka\qdpython\pristine_topology\plate_topology_optimization\Opt-Process-1\SAVE.onf\TP_013.onf</SourceOnf>
			<SourceVarList></SourceVarList>
		</TargetFrame>
		<TargetFrame description ="Optimization Design Cycle-14">
			<SourceOnf>F:\pythonTimBuchalka\qdpython\pristine_topology\plate_topology_optimization\Opt-Process-1\SAVE.onf\TP_014.onf</SourceOnf>
			<SourceVarList></SourceVarList>
		</TargetFrame>
		<TargetFrame description ="Optimization Design Cycle-15">
			<SourceOnf>F:\pythonTimBuchalka\qdpython\pristine_topology\plate_topology_optimization\Opt-Process-1\SAVE.onf\TP_015.onf</SourceOnf>
			<SourceVarList></SourceVarList>
		</TargetFrame>
		<TargetFrame description ="Optimization Design Cycle-16">
			<SourceOnf>F:\pythonTimBuchalka\qdpython\pristine_topology\plate_topology_optimization\Opt-Process-1\SAVE.onf\TP_016.onf</SourceOnf>
			<SourceVarList></SourceVarList>
		</TargetFrame>
		<TargetFrame description ="Optimization Design Cycle-17">
			<SourceOnf>F:\pythonTimBuchalka\qdpython\pristine_topology\plate_topology_optimization\Opt-Process-1\SAVE.onf\TP_017.onf</SourceOnf>
			<SourceVarList></SourceVarList>
		</TargetFrame>
		<TargetFrame description ="Optimization Design Cycle-18">
			<SourceOnf>F:\pythonTimBuchalka\qdpython\pristine_topology\plate_topology_optimization\Opt-Process-1\SAVE.onf\TP_018.onf</SourceOnf>
			<SourceVarList></SourceVarList>
		</TargetFrame>
		<TargetFrame description ="Optimization Design Cycle-19">
			<SourceOnf>F:\pythonTimBuchalka\qdpython\pristine_topology\plate_topology_optimization\Opt-Process-1\SAVE.onf\TP_019.onf</SourceOnf>
			<SourceVarList></SourceVarList>
		</TargetFrame>
		<TargetFrame description ="Optimization Design Cycle-20">
			<SourceOnf>F:\pythonTimBuchalka\qdpython\pristine_topology\plate_topology_optimization\Opt-Process-1\SAVE.onf\TP_020.onf</SourceOnf>
			<SourceVarList></SourceVarList>
		</TargetFrame>
		<TargetFrame description ="Optimization Design Cycle-21">
			<SourceOnf>F:\pythonTimBuchalka\qdpython\pristine_topology\plate_topology_optimization\Opt-Process-1\SAVE.onf\TP_021.onf</SourceOnf>
			<SourceVarList></SourceVarList>
		</TargetFrame>
		<TargetFrame description ="Optimization Design Cycle-22">
			<SourceOnf>F:\pythonTimBuchalka\qdpython\pristine_topology\plate_topology_optimization\Opt-Process-1\SAVE.onf\TP_022.onf</SourceOnf>
			<SourceVarList></SourceVarList>
		</TargetFrame>
		<TargetFrame description ="Optimization Design Cycle-23">
			<SourceOnf>F:\pythonTimBuchalka\qdpython\pristine_topology\plate_topology_optimization\Opt-Process-1\SAVE.onf\TP_023.onf</SourceOnf>
			<SourceVarList></SourceVarList>
		</TargetFrame>
		<TargetFrame description ="Optimization Design Cycle-24">
			<SourceOnf>F:\pythonTimBuchalka\qdpython\pristine_topology\plate_topology_optimization\Opt-Process-1\SAVE.onf\TP_024.onf</SourceOnf>
			<SourceVarList></SourceVarList>
		</TargetFrame>
		<TargetFrame description ="Optimization Design Cycle-25">
			<SourceOdb>F:\pythonTimBuchalka\qdpython\pristine_topology\plate_topology_optimization\Opt-Process-1\SAVE.odb\Opt-Process-1-Job_025.odb</SourceOdb>
			<SourceStep>linear_static</SourceStep>
			<SourceFrame>-1</SourceFrame>
			<SourceVarList>S,U</SourceVarList>
			<SourceOnf>F:\pythonTimBuchalka\qdpython\pristine_topology\plate_topology_optimization\Opt-Process-1\SAVE.onf\TP_025.onf</SourceOnf>
			<SourceVarList></SourceVarList>
		</TargetFrame>
		<HistoryOutput>
			<SourceCsvFile>F:\pythonTimBuchalka\qdpython\pristine_topology\plate_topology_optimization\Opt-Process-1\optimization_status_all.csv</SourceCsvFile>
			<SourceVarList></SourceVarList>
			<SourceIterationList>0,1,2,3,4,5,6,7,8,9,10,11,12,13,14,15,16,17,18,19,20,21,22,23,24,25</SourceIterationList>
		</HistoryOutput>
	</TargetStep>
</TargetOdb>
